name,description
Sanvika,Sanvika is a software developer creating language-learning apps
Priya,Priya is a calligrapher merging traditional characters with art
Raj,Raj is a street chef with a secret recipe
Naina,Naina is a environmentalist championing sustainable farming
Vikram,Vikram is a Yoga instructor promoting holistic wellness
Pooja,Pooja is a Wildlife photographer capturing endangered species
Arjun,Arjun is a Social worker empowering children through art
Ananya,Ananya is a Stand-up comedian delivering unique humor
Rohit,Rohit is a published author exploring cultural identity
Akshitha,Akshitha is a AI engineer working on cutting-edge projects
Rahul,Rahul is a Fashion designer merging tradition with contemporary
Shreya,Shreya is a Surfer organizing beach cleanup events
Aakash,Aakash is a Robotics enthusiast excelling in competitions
Abhijeet,Abhijeet is a Historian preserving Taiwan's cultural heritage
Meera,Meera is a Mountain climber conquering Taiwan's peaks
Aditya,Aditya is a Marine biologist researching unique sea life
Kavya,Kavya is a Businesswoman managing boutique Taiwanese tea
Karan,Karan is a Chef reviving traditional Taiwanese recipes
Sneha,Sneha is a Robotics engineer aiding disaster relief
Sirin,Sirin is a Tea ceremony master promoting mindfulness
Thana,Thana is a Marathon runner aspiring international representation
Chakri,Chakri is a Video game developer inspired by mythology
Anurak,Anurak is a Violinist blending classical and J-pop
Sirin,Sirin is a Astronomer discovering celestial phenomena
Siraj,Siraj is a Entrepreneur revolutionizing organic skincare
Virat,Virat is a Calligrapher merging traditional characters with art
Mukesh,Mukesh is a Drone pilot capturing China's landscapes
Sakura,Sakura is a Philanthropist supporting rural education initiatives
Takashi,Takashi is a Street food vendor innovating fusion dishes
Yuri,Yuri is a Traditional medicine practitioner blending ancient remedies
Kitty,Kitty is a Environmental activist reducing plastic waste
Jamie,Jamie is a Acrobatic artist blending traditional and modern
Julia,Julia is a Software developer creating language-learning apps
Damon,Damon is a Documentary filmmaker exploring changing city lives
Stephen,"Stephen is a Exhibiting artist, showcased in multiple galleries"
Klaus,Klaus is a Street chef with a secret recipe
Katherine,Katherine is a Tech-savvy gamer and app developer
Elena,Elena is a Fusion musician blending classical and pop
Caroline,Caroline is a aerospace engineer working on innovative projects
Sang zhi,Sang zhi is a Fashion designer with a focus on sustainability
Duan,Duan is a Adventure sports enthusiast and travel vlogger
Sang yan,Sang yan is a Linguist preserving and promoting indigenous languages
Goya,Goya is a Serial entrepreneur with successful tech startups
Thyme,Thyme is a Floral artist infusing Thai aesthetics into modern arrangements
Ren,Ren is a Marine biologist researching unique sea life
Lurang,Lurang is a Tech innovator developing sustainable solutions for urban living
Suzaizai,Suzaizai is a Interior designer merging tradition with modern aesthetics
Conrad,Conrad is a Fitness trainer promoting holistic health
Jeremy,Jeremy is a wildlife conservationist preserving endangered species
David,David is a Manga artist exploring human relationships
